id,first_name,last_name,email,gender,ip_address
1,Jillene,Tarr,jtarr0@blogger.com,Female,31.145.66.16
2,Tadeo,Pendry,tpendry1@unicef.org,Male,52.215.179.86
3,Odelia,Mugford,omugford2@wp.com,Female,72.142.81.104
4,Donny,Goodband,dgoodband3@furl.net,Female,165.69.72.122
5,Tessa,Pudney,tpudney4@elpais.com,Female,78.66.50.86
6,Goraud,Torresi,gtorresi5@google.ru,Male,223.74.120.35
7,Suzi,Rodolfi,srodolfi6@statcounter.com,Female,137.29.43.177
8,Neala,Gladbach,ngladbach7@mediafire.com,Female,174.254.84.97
9,Hedda,Lennard,hlennard8@lycos.com,Female,191.119.116.111
10,Aeriell,Beachem,abeachem9@oakley.com,Female,202.35.105.103
11,Alvin,Bruckstein,abrucksteina@cnet.com,Male,154.104.251.64
12,Debbie,Mumbey,dmumbeyb@intel.com,Female,247.150.177.18
13,Ezekiel,Trimme,etrimmec@infoseek.co.jp,Male,23.16.110.59
14,Gorden,Isaac,gisaacd@home.pl,Male,229.120.226.106
15,Dov,Babalola,dbabalolae@berkeley.edu,Male,175.142.103.73
16,Virginia,Jedryka,vjedrykaf@aboutads.info,Female,212.84.23.191
17,Rodrigo,Culp,rculpg@newyorker.com,Male,57.93.93.24
18,Nester,Ebourne,nebourneh@bizjournals.com,Male,3.206.7.75
19,Nonah,Scotchmore,nscotchmorei@statcounter.com,Female,117.5.163.125
20,Bambie,Robberts,brobbertsj@imdb.com,Female,155.78.42.121
21,Derward,Rulton,drultonk@webs.com,Male,123.175.27.95
22,Daron,Duplan,dduplanl@studiopress.com,Male,254.30.225.185
23,Jandy,Derdes,jderdesm@wisc.edu,Female,119.222.91.55
24,Gil,Stockey,gstockeyn@bizjournals.com,Male,47.197.145.157
25,Gav,Boffey,gboffeyo@mac.com,Male,142.123.192.39
26,Anabella,Birchwood,abirchwoodp@imdb.com,Female,128.163.84.75
27,Lorenza,Kingswood,lkingswoodq@irs.gov,Female,89.58.3.75
28,Danie,Behrens,dbehrensr@cdbaby.com,Male,117.180.38.87
29,Tristam,Lodemann,tlodemanns@berkeley.edu,Male,139.196.64.175
30,Cart,Mathieson,cmathiesont@cnet.com,Male,143.81.172.101
31,Lorant,Presswell,lpresswellu@oracle.com,Male,106.35.99.146
32,Ransell,Faccini,rfacciniv@wp.com,Male,85.38.127.139
33,Cody,Zanneli,czanneliw@discuz.net,Female,13.129.134.127
34,Kevon,Jelleman,kjellemanx@cam.ac.uk,Male,61.143.62.47
35,Petey,Kopec,pkopecy@soundcloud.com,Male,131.45.37.227
36,Stormie,Furbank,sfurbankz@answers.com,Female,116.83.14.243
37,Tansy,Spacy,tspacy10@studiopress.com,Female,3.214.60.185
38,Dorette,Almack,dalmack11@ezinearticles.com,Female,166.191.33.201
39,Addison,Papps,apapps12@foxnews.com,Male,9.62.86.38
40,Korney,Nazair,knazair13@mac.com,Female,123.217.82.109
41,Heriberto,Barczynski,hbarczynski14@xrea.com,Male,204.222.93.39
42,Lanae,Takis,ltakis15@nasa.gov,Female,95.126.182.88
43,Lacee,Somersett,lsomersett16@homestead.com,Female,54.124.115.15
44,Derron,Sproul,dsproul17@digg.com,Male,173.222.235.223
45,Willamina,Sonier,wsonier18@google.co.uk,Female,219.221.240.81
46,Linus,Kettlestringes,lkettlestringes19@google.com.hk,Male,95.115.240.33
47,Corinna,Gavaran,cgavaran1a@virginia.edu,Female,128.133.179.66
48,Ham,Dibdale,hdibdale1b@nytimes.com,Male,180.59.79.154
49,Barbette,Brandsma,bbrandsma1c@google.co.uk,Female,254.165.254.125
50,Marijo,Arkley,markley1d@t-online.de,Female,214.118.47.138
51,Kelley,Curran,kcurran1e@symantec.com,Male,136.55.109.219
52,Corette,Liepmann,cliepmann1f@businessweek.com,Female,139.247.228.231
53,Thaddus,Mably,tmably1g@ca.gov,Male,56.107.101.146
54,Ximenez,Itzhaiek,xitzhaiek1h@imageshack.us,Male,151.211.7.138
55,Cchaddie,Abrahmson,cabrahmson1i@indiegogo.com,Male,31.211.98.47
56,Rouvin,Gleder,rgleder1j@fastcompany.com,Male,41.124.181.148
57,Marcelline,Rettie,mrettie1k@rakuten.co.jp,Female,188.200.227.57
58,Barny,Boullen,bboullen1l@parallels.com,Male,116.89.16.244
59,Romain,Union,runion1m@hao123.com,Male,213.90.238.248
60,Alyson,Matuska,amatuska1n@w3.org,Female,210.119.34.150
61,Earvin,Magnar,emagnar1o@miitbeian.gov.cn,Male,177.171.98.173
62,Quintina,Andreev,qandreev1p@ucoz.ru,Female,198.250.17.234
63,Wendall,Bosson,wbosson1q@nbcnews.com,Male,79.21.69.37
64,Odelia,Cavilla,ocavilla1r@sciencedirect.com,Female,76.216.46.70
65,Si,Pratten,spratten1s@plala.or.jp,Male,95.101.136.159
66,Lane,Plaister,lplaister1t@facebook.com,Male,54.220.11.96
67,Joyce,Copestick,jcopestick1u@foxnews.com,Female,9.223.112.108
68,Gwenni,Quennell,gquennell1v@csmonitor.com,Female,115.52.247.211
69,Vasilis,Poynor,vpoynor1w@aboutads.info,Male,231.137.8.52
70,Woodie,Leuty,wleuty1x@skyrock.com,Male,102.21.135.45
71,Charisse,Poone,cpoone1y@nationalgeographic.com,Female,253.136.147.215
72,Karalee,Selway,kselway1z@google.it,Female,134.106.28.39
73,Latisha,Jiruch,ljiruch20@uol.com.br,Female,70.106.127.245
74,Shae,Johnston,sjohnston21@upenn.edu,Male,76.196.3.33
75,Maurine,Moro,mmoro22@blogspot.com,Female,190.107.196.76
76,Sherman,MacAlpyne,smacalpyne23@google.pl,Male,238.131.175.177
77,Erich,Pendrich,ependrich24@drupal.org,Male,117.9.21.240
78,Patrice,Ashwin,pashwin25@mtv.com,Female,228.205.30.71
79,Dolph,Brognot,dbrognot26@posterous.com,Male,52.202.176.66
80,Town,Pirson,tpirson27@phpbb.com,Male,175.46.21.197
81,Nathanael,Gaul,ngaul28@youtu.be,Male,112.46.68.212
82,Cassey,Shearmer,cshearmer29@opera.com,Female,51.70.193.197
83,Kameko,Toomey,ktoomey2a@mediafire.com,Female,215.86.181.64
84,Carolus,Bischop,cbischop2b@ca.gov,Male,180.5.44.137
85,Siward,Prophet,sprophet2c@51.la,Male,104.94.12.95
86,Von,Disbrey,vdisbrey2d@biblegateway.com,Male,242.187.2.184
87,Berna,Bohden,bbohden2e@gravatar.com,Female,241.130.113.148
88,Nada,Godbold,ngodbold2f@wisc.edu,Female,77.251.73.77
89,Salli,Bernadot,sbernadot2g@trellian.com,Female,239.55.86.228
90,Quintilla,Sambidge,qsambidge2h@vimeo.com,Female,10.191.169.37
91,Don,Bassil,dbassil2i@github.com,Male,183.137.46.118
92,Jozef,Brian,jbrian2j@wp.com,Male,124.80.232.101
93,Kevyn,Menpes,kmenpes2k@si.edu,Female,51.150.139.73
94,Janela,Duckham,jduckham2l@creativecommons.org,Female,34.71.59.179
95,Giacinta,Aldam,galdam2m@purevolume.com,Female,57.229.75.93
96,Joceline,McClifferty,jmcclifferty2n@taobao.com,Female,47.71.245.138
97,Adah,Gobell,agobell2o@youku.com,Female,255.26.74.182
98,Jermaine,Wyllt,jwyllt2p@deviantart.com,Female,131.194.126.117
99,Paxon,Hollyman,phollyman2q@addthis.com,Male,43.73.121.210
100,Gallagher,Rizzo,grizzo2r@columbia.edu,Male,242.232.51.181
101,Luigi,Collimore,lcollimore2s@omniture.com,Male,211.248.205.169
102,Corena,Rigg,crigg2t@ow.ly,Female,107.205.105.94
103,Mortimer,Blackden,mblackden2u@toplist.cz,Male,227.235.210.121
104,Edith,Crowson,ecrowson2v@earthlink.net,Female,34.16.245.130
105,Kermy,Stollwerk,kstollwerk2w@zimbio.com,Male,229.73.175.39
106,Hieronymus,Cheer,hcheer2x@yandex.ru,Male,63.76.124.16
107,Alica,Heliar,aheliar2y@livejournal.com,Female,121.60.215.228
108,Lizbeth,Hambribe,lhambribe2z@ox.ac.uk,Female,178.128.34.58
109,Yorgos,Eagers,yeagers30@bloglovin.com,Male,238.23.172.98
110,Nealon,Grabb,ngrabb31@columbia.edu,Male,67.133.240.100
111,Jodi,Haquard,jhaquard32@microsoft.com,Male,246.124.115.239
112,Chloette,Game,cgame33@home.pl,Female,138.192.217.226
113,Lita,Ferenc,lferenc34@mapquest.com,Female,251.188.174.186
114,Gabriello,MacArdle,gmacardle35@multiply.com,Male,92.230.26.164
115,Rickie,Javes,rjaves36@latimes.com,Male,113.26.11.217
116,Gerick,Baggalley,gbaggalley37@constantcontact.com,Male,13.174.108.113
117,Angelina,Iddenden,aiddenden38@usda.gov,Female,181.4.202.224
118,Anica,Heymes,aheymes39@elpais.com,Female,138.111.130.61
119,Farah,Ropars,fropars3a@stumbleupon.com,Female,101.198.228.10
120,Susy,Phibb,sphibb3b@google.ru,Female,116.222.76.81
121,Kit,Crassweller,kcrassweller3c@toplist.cz,Female,155.128.202.3
122,Loria,Marlin,lmarlin3d@marriott.com,Female,199.160.21.0
123,Tod,Regnard,tregnard3e@wiley.com,Male,97.130.237.205
124,Annalise,Buff,abuff3f@fema.gov,Female,177.169.18.81
125,Juliann,Foden,jfoden3g@wiley.com,Female,15.1.122.222
126,Derril,Sara,dsara3h@auda.org.au,Male,175.48.138.168
127,Siobhan,Pothergill,spothergill3i@miibeian.gov.cn,Female,111.4.201.16
128,Alberto,Lackmann,alackmann3j@ifeng.com,Male,117.104.215.3
129,Gustav,Virgo,gvirgo3k@shop-pro.jp,Male,10.207.10.72
130,Currie,Sommerton,csommerton3l@chronoengine.com,Male,60.125.95.9
131,Carter,Norledge,cnorledge3m@adobe.com,Male,71.116.40.218
132,Lisle,Ruppert,lruppert3n@columbia.edu,Male,162.171.219.246
133,Jacki,Shiril,jshiril3o@weebly.com,Female,214.118.91.106
134,Creighton,Kearns,ckearns3p@gov.uk,Male,186.87.61.129
135,Geneva,Tattershall,gtattershall3q@naver.com,Female,251.251.45.168
136,Montague,Neary,mneary3r@yellowbook.com,Male,41.0.233.208
137,Lamont,Labell,llabell3s@free.fr,Male,21.251.250.120
138,Logan,Bogue,lbogue3t@mapy.cz,Male,246.63.97.101
139,Gerrie,Pechold,gpechold3u@devhub.com,Female,56.23.107.127
140,Drusie,Parnham,dparnham3v@networkadvertising.org,Female,83.246.213.193
141,Alla,Sorrill,asorrill3w@businesswire.com,Female,232.102.160.218
142,Brynna,MacMeekan,bmacmeekan3x@seattletimes.com,Female,124.193.135.181
143,Maxie,Harbar,mharbar3y@blogspot.com,Male,255.32.34.15
144,Ram,Cheesman,rcheesman3z@discuz.net,Male,245.164.111.2
145,Fanni,Barosch,fbarosch40@umn.edu,Female,127.4.128.222
146,Frank,Paice,fpaice41@bloglines.com,Female,52.192.9.112
147,Kipper,Perfili,kperfili42@hud.gov,Male,139.51.218.150
148,Glennie,Worrall,gworrall43@foxnews.com,Female,45.206.8.20
149,Cyb,Djekovic,cdjekovic44@php.net,Female,37.38.84.94
150,Nalani,Labone,nlabone45@artisteer.com,Female,158.233.201.201
151,Gustavo,Semper,gsemper46@cnbc.com,Male,32.145.247.127
152,Corabel,Grendon,cgrendon47@upenn.edu,Female,198.119.26.147
153,Marrissa,Janca,mjanca48@state.gov,Female,63.25.42.2
154,Min,Marshalleck,mmarshalleck49@123-reg.co.uk,Female,236.225.65.247
155,Ulric,Tanner,utanner4a@pagesperso-orange.fr,Male,130.55.5.247
156,Beatriz,Stilldale,bstilldale4b@topsy.com,Female,244.208.19.48
157,Marijn,Fer,mfer4c@bandcamp.com,Male,218.22.39.64
158,Anastasie,Atkins,aatkins4d@123-reg.co.uk,Female,81.130.45.8
159,Vivyan,Jansson,vjansson4e@surveymonkey.com,Female,251.26.11.231
160,Tanhya,aManger,tamanger4f@theglobeandmail.com,Female,201.237.135.0
161,Brinna,Santo,bsanto4g@mashable.com,Female,132.115.253.141
162,Angela,Jewett,ajewett4h@bluehost.com,Female,97.116.89.29
163,Cirillo,Di Boldi,cdiboldi4i@reuters.com,Male,92.253.125.55
164,Jock,Ablett,jablett4j@163.com,Male,64.153.231.253
165,Erhart,Walmsley,ewalmsley4k@delicious.com,Male,140.84.64.231
166,Alix,Lemmers,alemmers4l@exblog.jp,Female,48.234.170.86
167,Boot,Norcliffe,bnorcliffe4m@apache.org,Male,151.166.22.103
168,Casandra,Letessier,cletessier4n@rediff.com,Female,181.38.142.245
169,Lindsy,Jaskiewicz,ljaskiewicz4o@arizona.edu,Female,21.125.157.80
170,Bonny,Margaret,bmargaret4p@barnesandnoble.com,Female,2.75.40.92
171,Rustin,De Mitris,rdemitris4q@pbs.org,Male,41.53.91.225
172,Pierette,Barthelet,pbarthelet4r@tiny.cc,Female,14.213.61.220
173,Susie,Cromley,scromley4s@prlog.org,Female,248.137.4.196
174,Ursula,Medlar,umedlar4t@hud.gov,Female,154.26.118.131
175,Walt,Commuzzo,wcommuzzo4u@boston.com,Male,236.164.216.206
176,Quentin,Coney,qconey4v@tinypic.com,Male,5.68.117.191
177,Gretel,Oatley,goatley4w@harvard.edu,Female,117.74.0.66
178,Field,Cathro,fcathro4x@weibo.com,Male,48.15.150.187
179,Florencia,Clubbe,fclubbe4y@pcworld.com,Female,43.63.25.102
180,Corbett,Drinkale,cdrinkale4z@dedecms.com,Male,189.128.89.231
181,Thurston,McNeilly,tmcneilly50@blogs.com,Male,165.106.44.77
182,Petey,Labon,plabon51@unesco.org,Male,64.90.188.15
183,Say,Rostron,srostron52@gmpg.org,Male,199.255.142.24
184,Berne,Rashleigh,brashleigh53@ucsd.edu,Male,236.206.59.124
185,Lindie,Sauvan,lsauvan54@dot.gov,Female,159.193.18.131
186,Panchito,Warbeys,pwarbeys55@nps.gov,Male,4.187.87.163
187,Adrian,Gigg,agigg56@biblegateway.com,Female,94.5.112.214
188,Dewain,Romagosa,dromagosa57@cmu.edu,Male,67.112.56.190
189,Derk,Kenwyn,dkenwyn58@imdb.com,Male,85.191.133.66
190,Alyss,Boaler,aboaler59@a8.net,Female,212.225.64.52
191,Byrann,Laingmaid,blaingmaid5a@arizona.edu,Male,113.226.40.227
192,Ulrike,Clarkin,uclarkin5b@bravesites.com,Female,131.155.129.139
193,Tori,Allison,tallison5c@unicef.org,Female,220.240.246.116
194,Aubert,Skyppe,askyppe5d@hexun.com,Male,198.249.211.108
195,Ediva,Rickeard,erickeard5e@cyberchimps.com,Female,7.209.19.54
196,Heather,Longhirst,hlonghirst5f@tumblr.com,Female,149.240.71.59
197,Livia,Bonnette,lbonnette5g@networksolutions.com,Female,83.97.177.47
198,Addison,Preene,apreene5h@nih.gov,Male,161.3.119.100
199,Gardie,Reddings,greddings5i@fastcompany.com,Male,60.167.178.238
200,Linnet,Kristof,lkristof5j@webnode.com,Female,196.23.202.7
201,Elbertine,Heaford,eheaford5k@house.gov,Female,88.132.78.147
202,Tonnie,Resdale,tresdale5l@smh.com.au,Male,163.21.29.144
203,Fons,Jenicek,fjenicek5m@fastcompany.com,Male,238.80.104.176
204,Saunders,Nazaret,snazaret5n@yellowbook.com,Male,97.17.6.228
205,Killie,Fakeley,kfakeley5o@ucla.edu,Male,234.67.97.199
206,Thaxter,Weatherby,tweatherby5p@oaic.gov.au,Male,72.32.26.69
207,Arlena,Fansy,afansy5q@sakura.ne.jp,Female,144.124.111.172
208,Lyssa,Leighton,lleighton5r@diigo.com,Female,63.9.46.96
209,Catharina,Biscomb,cbiscomb5s@nature.com,Female,157.125.6.71
210,Aeriel,Ghelarducci,aghelarducci5t@uiuc.edu,Female,8.149.227.215
211,Nikos,Tribble,ntribble5u@state.gov,Male,100.76.209.0
212,Rudie,Beade,rbeade5v@myspace.com,Male,172.9.57.182
213,Salvatore,Thomtson,sthomtson5w@g.co,Male,65.247.40.52
214,Dilan,Furber,dfurber5x@fotki.com,Male,222.109.162.217
215,Kore,Camplin,kcamplin5y@seattletimes.com,Female,158.203.149.113
216,Amelita,Whichelow,awhichelow5z@senate.gov,Female,82.154.250.55
217,Gisella,Grigoire,ggrigoire60@tamu.edu,Female,71.115.146.103
218,Emelina,Dulwitch,edulwitch61@auda.org.au,Female,68.174.128.242
219,Sheelah,Rumke,srumke62@studiopress.com,Female,30.210.62.171
220,Helli,Dodshun,hdodshun63@sciencedaily.com,Female,193.89.216.68
221,Ezri,Blades,eblades64@tumblr.com,Male,61.217.133.22
222,Rhiamon,Muddiman,rmuddiman65@icio.us,Female,240.239.171.74
223,Devlin,Giovannoni,dgiovannoni66@narod.ru,Male,197.16.50.125
224,Alasteir,Schwandner,aschwandner67@phoca.cz,Male,104.218.198.154
225,Cort,Aberchirder,caberchirder68@eventbrite.com,Male,82.171.178.210
226,Florri,Couzens,fcouzens69@instagram.com,Female,29.76.65.201
227,Davey,Philips,dphilips6a@de.vu,Male,213.191.16.76
228,Matthieu,Hubbucks,mhubbucks6b@army.mil,Male,127.150.56.150
229,Carolyne,Blemen,cblemen6c@photobucket.com,Female,86.89.8.99
230,Lynnea,Letcher,lletcher6d@newsvine.com,Female,210.249.0.145
231,Juliane,Folshom,jfolshom6e@webeden.co.uk,Female,42.147.112.214
232,Lee,Yousef,lyousef6f@npr.org,Female,160.36.81.194
233,Jaquenette,Paterson,jpaterson6g@xinhuanet.com,Female,14.185.244.166
234,Chantal,Gumey,cgumey6h@scientificamerican.com,Female,68.228.149.215
235,Gwynne,Sandbatch,gsandbatch6i@sakura.ne.jp,Female,36.201.166.1
236,Yehudi,Gilvear,ygilvear6j@soundcloud.com,Male,120.72.111.220
237,Garvy,Cherryman,gcherryman6k@samsung.com,Male,17.195.201.81
238,Sergent,Parkman,sparkman6l@seattletimes.com,Male,219.112.178.140
239,Kathie,Jeayes,kjeayes6m@mapquest.com,Female,203.129.0.247
240,Ari,Orsman,aorsman6n@blinklist.com,Male,155.226.238.98
241,Angelika,Raubheim,araubheim6o@istockphoto.com,Female,252.236.219.30
242,Rutherford,Canape,rcanape6p@google.co.jp,Male,104.180.29.120
243,Cly,Capnerhurst,ccapnerhurst6q@chron.com,Male,255.171.96.231
244,Abbie,Kingston,akingston6r@blogger.com,Male,181.136.186.169
245,Harriet,Lyness,hlyness6s@twitter.com,Female,56.163.154.54
246,Ania,Garford,agarford6t@elpais.com,Female,194.125.179.248
247,Wesley,Teml,wteml6u@nydailynews.com,Male,106.92.67.99
248,Neila,Egger,negger6v@amazonaws.com,Female,109.175.33.110
249,Abelard,O'Luby,aoluby6w@photobucket.com,Male,81.87.251.18
250,Jojo,Crosi,jcrosi6x@de.vu,Female,166.99.211.31
251,Laverna,Andreassen,landreassen6y@dmoz.org,Female,205.226.195.118
252,Sax,Deeley,sdeeley6z@ovh.net,Male,170.72.16.247
253,Giacomo,Lias,glias70@illinois.edu,Male,113.17.42.240
254,Kin,Stonnell,kstonnell71@vimeo.com,Male,243.170.26.157
255,Merry,Lawrie,mlawrie72@bandcamp.com,Male,106.127.179.52
256,Kennie,Zoppo,kzoppo73@youtu.be,Male,188.222.46.81
257,Freeman,MacHostie,fmachostie74@blinklist.com,Male,27.220.209.242
258,Kay,de Clerq,kdeclerq75@opensource.org,Female,8.206.194.110
259,Allina,Brydone,abrydone76@netscape.com,Female,226.11.46.26
260,Cull,Farrears,cfarrears77@epa.gov,Male,12.131.148.6
261,Deny,Cohen,dcohen78@purevolume.com,Female,219.150.37.137
262,Sergent,Ashbe,sashbe79@symantec.com,Male,60.37.224.18
263,Allister,Albrecht,aalbrecht7a@google.it,Male,113.217.151.45
264,Frederigo,Janu,fjanu7b@blogspot.com,Male,177.131.126.32
265,Fabio,Reeders,freeders7c@shinystat.com,Male,195.34.186.126
266,Hermie,Vaillant,hvaillant7d@admin.ch,Male,94.24.86.2
267,Gavrielle,McIlvoray,gmcilvoray7e@ezinearticles.com,Female,249.90.83.144
268,Lorita,McMylor,lmcmylor7f@scribd.com,Female,94.94.146.33
269,Juieta,Feldfisher,jfeldfisher7g@linkedin.com,Female,24.27.116.96
270,Rebekkah,Tuxell,rtuxell7h@comcast.net,Female,154.243.52.255
271,Oriana,Novak,onovak7i@nyu.edu,Female,37.19.147.28
272,Marnia,Readmire,mreadmire7j@whitehouse.gov,Female,192.92.253.231
273,Huntley,Goldsbury,hgoldsbury7k@paypal.com,Male,183.221.252.141
274,Corri,Mechi,cmechi7l@squarespace.com,Female,176.126.53.243
275,Edlin,Aires,eaires7m@ox.ac.uk,Male,248.4.57.146
276,Pembroke,Begent,pbegent7n@plala.or.jp,Male,182.223.207.47
277,Berk,Bartolomivis,bbartolomivis7o@sciencedaily.com,Male,141.49.152.66
278,Meagan,Eckert,meckert7p@discuz.net,Female,86.77.40.50
279,Damian,Dugald,ddugald7q@vistaprint.com,Male,152.223.202.31
280,Holt,Loveday,hloveday7r@google.pl,Male,98.212.174.248
281,Tyler,Geldert,tgeldert7s@answers.com,Male,205.54.22.193
282,Laird,Burgne,lburgne7t@de.vu,Male,202.3.40.228
283,Melicent,Arnholdt,marnholdt7u@mediafire.com,Female,56.52.162.93
284,Delbert,Mapston,dmapston7v@godaddy.com,Male,12.237.217.1
285,Izzy,Silly,isilly7w@dailymail.co.uk,Male,55.3.1.106
286,Felic,Beeckx,fbeeckx7x@ucoz.ru,Male,32.139.183.218
287,Jere,Blinerman,jblinerman7y@google.es,Female,78.90.87.203
288,Boyd,Crannage,bcrannage7z@businessweek.com,Male,36.30.6.167
289,Petey,Bloor,pbloor80@reddit.com,Male,41.249.112.129
290,Maris,Gainsford,mgainsford81@people.com.cn,Female,21.2.67.85
291,Ambrosi,Leckenby,aleckenby82@themeforest.net,Male,142.139.85.205
292,Richie,Hardage,rhardage83@behance.net,Male,220.89.205.215
293,Wendell,Booy,wbooy84@booking.com,Male,162.24.156.172
294,Petronilla,Hendriks,phendriks85@patch.com,Female,1.168.101.37
295,Alena,Carlo,acarlo86@omniture.com,Female,75.249.214.133
296,Eddie,Moakler,emoakler87@indiegogo.com,Male,170.146.53.59
297,Hortensia,MacConneely,hmacconneely88@oakley.com,Female,134.171.142.21
298,Truman,Machent,tmachent89@umich.edu,Male,67.149.149.47
299,Ricky,Monks,rmonks8a@hibu.com,Male,241.13.140.104
300,Zahara,Rodinger,zrodinger8b@pagesperso-orange.fr,Female,112.242.62.187
301,Erv,Uff,euff8c@amazonaws.com,Male,118.46.69.26
302,Korney,Tease,ktease8d@cloudflare.com,Female,80.236.97.8
303,Tammie,Dechelette,tdechelette8e@macromedia.com,Male,245.140.234.97
304,Galina,Kelwick,gkelwick8f@histats.com,Female,8.167.150.10
305,Cindra,Aires,caires8g@shop-pro.jp,Female,120.78.21.158
306,Sidoney,Lesmonde,slesmonde8h@yellowbook.com,Female,60.146.161.176
307,Jecho,Jedrzejkiewicz,jjedrzejkiewicz8i@odnoklassniki.ru,Male,236.103.224.67
308,Dacey,Bygrave,dbygrave8j@utexas.edu,Female,249.184.190.121
309,Lina,Weaving,lweaving8k@4shared.com,Female,71.4.176.183
310,Elvera,Jolliman,ejolliman8l@bbb.org,Female,251.92.177.169
311,Giuditta,Craise,gcraise8m@un.org,Female,104.104.172.93
312,Roselia,Acuna,racuna8n@unc.edu,Female,90.144.201.111
313,Zola,Minney,zminney8o@wsj.com,Female,223.18.204.87
314,Leupold,Guerreru,lguerreru8p@dot.gov,Male,96.90.18.242
315,Clerkclaude,Odda,codda8q@homestead.com,Male,81.13.159.35
316,Eva,Mayberry,emayberry8r@ask.com,Female,175.108.13.173
317,Raphaela,Carlan,rcarlan8s@macromedia.com,Female,74.170.3.125
318,Eric,Crombie,ecrombie8t@fema.gov,Male,31.237.163.248
319,Hildagarde,Garwood,hgarwood8u@nytimes.com,Female,53.176.224.76
320,Gallard,Levey,glevey8v@plala.or.jp,Male,19.236.118.58
321,Danica,Marian,dmarian8w@patch.com,Female,6.80.110.205
322,Caresa,Scamerdine,cscamerdine8x@nbcnews.com,Female,236.217.124.248
323,Miller,Bangiard,mbangiard8y@ihg.com,Male,208.246.208.106
324,Tamarah,Herculson,therculson8z@sakura.ne.jp,Female,137.207.28.218
325,Danit,Mushart,dmushart90@nytimes.com,Female,45.147.131.115
326,Davis,Behagg,dbehagg91@github.com,Male,121.101.212.2
327,Gina,Warlowe,gwarlowe92@arizona.edu,Female,62.112.50.54
328,Emlen,Hassekl,ehassekl93@xrea.com,Male,245.84.191.109
329,Anatol,Sanper,asanper94@bing.com,Male,205.243.140.246
330,Randall,Rustedge,rrustedge95@mediafire.com,Male,168.171.64.160
331,Gwenette,Southam,gsoutham96@sitemeter.com,Female,82.18.219.104
332,Farrell,Skipp,fskipp97@sbwire.com,Male,57.160.253.109
333,Sayre,John,sjohn98@e-recht24.de,Male,34.34.234.94
334,Creight,Brownlow,cbrownlow99@skyrock.com,Male,148.34.125.21
335,Ron,Mapstone,rmapstone9a@marriott.com,Male,70.93.18.201
336,Alicea,Hathwood,ahathwood9b@ed.gov,Female,247.223.127.149
337,Mirella,Gostage,mgostage9c@phpbb.com,Female,68.5.75.78
338,Ogdan,Zarb,ozarb9d@deliciousdays.com,Male,99.5.91.76
339,Kailey,Philips,kphilips9e@intel.com,Female,157.250.52.141
340,Brennen,Bardell,bbardell9f@squarespace.com,Male,249.105.119.25
341,Rachelle,Mochan,rmochan9g@squidoo.com,Female,187.116.110.131
342,Jacques,Gower,jgower9h@freewebs.com,Male,152.115.41.241
343,Peirce,McNeish,pmcneish9i@opensource.org,Male,168.7.233.184
344,Aube,Meijer,ameijer9j@cdc.gov,Male,196.75.66.76
345,Guillaume,Robet,grobet9k@bandcamp.com,Male,215.252.159.57
346,Elliot,Chopping,echopping9l@nytimes.com,Male,37.219.181.95
347,Billie,De Francisci,bdefrancisci9m@yahoo.com,Male,51.183.231.88
348,Louis,Berling,lberling9n@chicagotribune.com,Male,188.58.35.89
349,Michael,Kernoghan,mkernoghan9o@shop-pro.jp,Male,59.225.220.166
350,Jase,Cope,jcope9p@prlog.org,Male,129.160.66.31
351,Garrek,Jillins,gjillins9q@imdb.com,Male,253.69.14.201
352,Celine,Blyde,cblyde9r@google.es,Female,114.93.149.150
353,Ward,Quickfall,wquickfall9s@exblog.jp,Male,148.46.230.160
354,Elwin,Dashkov,edashkov9t@kickstarter.com,Male,161.211.66.151
355,Early,Duesbury,eduesbury9u@shareasale.com,Male,129.130.137.39
356,Benjy,Castro,bcastro9v@amazon.com,Male,90.83.83.50
357,Lelia,Twigge,ltwigge9w@ow.ly,Female,138.76.87.46
358,Teador,Legerwood,tlegerwood9x@free.fr,Male,105.60.118.87
359,Marijn,Saffon,msaffon9y@woothemes.com,Male,236.240.145.89
360,Auguste,Doodney,adoodney9z@google.de,Female,223.93.20.61
361,Pierce,Crowder,pcrowdera0@soundcloud.com,Male,164.168.63.174
362,Warner,Mattea,wmatteaa1@army.mil,Male,124.115.93.211
363,Ilene,Scripps,iscrippsa2@soup.io,Female,17.16.39.222
364,Janie,Birtonshaw,jbirtonshawa3@fotki.com,Female,200.40.200.171
365,Danyette,Dallyn,ddallyna4@yellowbook.com,Female,188.174.252.126
366,Isidoro,McBrady,imcbradya5@hud.gov,Male,41.187.171.186
367,Leigha,Weeden,lweedena6@columbia.edu,Female,184.180.143.123
368,Leonid,Biagi,lbiagia7@cbc.ca,Male,98.39.63.249
369,Shannan,Timmons,stimmonsa8@pen.io,Male,104.207.90.21
370,Miran,Chalfain,mchalfaina9@github.io,Female,61.101.68.28
371,Noam,Norwich,nnorwichaa@pen.io,Male,80.118.7.5
372,Marcy,Dabell,mdabellab@google.com.au,Female,208.186.17.46
373,Sadye,Stirley,sstirleyac@purevolume.com,Female,205.138.23.244
374,Syd,MacPharlain,smacpharlainad@nih.gov,Male,101.232.154.162
375,Friedrich,Greasty,fgreastyae@so-net.ne.jp,Male,188.77.89.81
376,Leon,Whalebelly,lwhalebellyaf@mediafire.com,Male,85.145.14.211
377,Elnar,Lindsley,elindsleyag@dedecms.com,Male,42.179.111.235
378,Marietta,Salan,msalanah@icq.com,Female,248.58.241.152
379,Lutero,Chataignier,lchataignierai@is.gd,Male,253.29.136.73
380,Claudette,Golding,cgoldingaj@unicef.org,Female,137.103.41.134
381,Ian,Lehon,ilehonak@tiny.cc,Male,96.160.148.233
382,Diandra,Pennycook,dpennycookal@shinystat.com,Female,16.9.193.83
383,Alyssa,Knappett,aknappettam@amazon.co.uk,Female,88.78.136.14
384,Robenia,Troke,rtrokean@youtu.be,Female,210.62.35.57
385,Brigitte,Eby,bebyao@bloomberg.com,Female,214.15.69.169
386,Tadeas,Dinning,tdinningap@ucoz.com,Male,125.137.72.197
387,Desmund,Botham,dbothamaq@mac.com,Male,26.183.193.121
388,Gerri,Beekman,gbeekmanar@eventbrite.com,Male,215.247.176.69
389,Linnea,Dopson,ldopsonas@mlb.com,Female,80.248.183.152
390,Tibold,Curle,tcurleat@usnews.com,Male,112.179.218.180
391,Shalna,Hunter,shunterau@shareasale.com,Female,196.230.30.202
392,Archie,Pendred,apendredav@t.co,Male,90.145.8.13
393,Charissa,Dimitrescu,cdimitrescuaw@google.ru,Female,135.156.217.227
394,Anderea,Powis,apowisax@drupal.org,Female,217.55.133.8
395,Genna,Kalf,gkalfay@lulu.com,Female,38.94.231.230
396,Cornelius,Tomei,ctomeiaz@delicious.com,Male,242.70.219.39
397,Flynn,Werendell,fwerendellb0@tumblr.com,Male,202.7.214.29
398,Collette,Mills,cmillsb1@ycombinator.com,Female,180.6.152.157
399,Deana,Comini,dcominib2@house.gov,Female,31.222.132.162
400,Carlo,Fothergill,cfothergillb3@umn.edu,Male,107.190.8.200
401,Clement,Musso,cmussob4@youtu.be,Male,26.224.151.116
402,Quinta,Mongeot,qmongeotb5@behance.net,Female,187.3.90.228
403,Merwin,Mathis,mmathisb6@yahoo.com,Male,247.30.42.70
404,Paxon,Blunderfield,pblunderfieldb7@e-recht24.de,Male,137.153.100.9
405,Bary,Kupis,bkupisb8@reddit.com,Male,219.3.6.213
406,Aleece,Fontenot,afontenotb9@shareasale.com,Female,111.238.123.23
407,Skipton,Furmenger,sfurmengerba@yahoo.co.jp,Male,235.202.132.175
408,Rufe,Malinowski,rmalinowskibb@issuu.com,Male,83.191.146.107
409,Paola,Fleischer,pfleischerbc@unicef.org,Female,109.103.99.170
410,Paulie,Matyushkin,pmatyushkinbd@t.co,Male,51.227.214.113
411,Homerus,Harman,hharmanbe@topsy.com,Male,3.241.90.131
412,Odelinda,Croll,ocrollbf@multiply.com,Female,103.43.179.124
413,Monti,Becks,mbecksbg@symantec.com,Male,164.218.252.183
414,Ros,Prugel,rprugelbh@skyrock.com,Female,119.251.64.189
415,Griselda,Brinkler,gbrinklerbi@uiuc.edu,Female,162.155.112.192
416,Lev,McCurlye,lmccurlyebj@t-online.de,Male,149.119.164.113
417,Rebe,Bantick,rbantickbk@hc360.com,Female,72.104.137.74
418,Alida,Peat,apeatbl@dmoz.org,Female,16.234.101.31
419,Windham,Ogborne,wogbornebm@deliciousdays.com,Male,78.159.0.25
420,Rhoda,Elis,relisbn@angelfire.com,Female,91.201.136.80
421,Flss,Mary,fmarybo@blogger.com,Female,139.105.8.23
422,Fulton,Stiegars,fstiegarsbp@over-blog.com,Male,208.108.249.121
423,Prudi,Bortolomei,pbortolomeibq@topsy.com,Female,223.152.111.108
424,Gery,Goodoune,ggoodounebr@last.fm,Male,80.214.30.77
425,Tulley,Marven,tmarvenbs@spotify.com,Male,221.162.159.185
426,Kimble,Pauncefoot,kpauncefootbt@usnews.com,Male,86.186.92.244
427,Almeta,Armatidge,aarmatidgebu@flavors.me,Female,9.252.188.14
428,Kenna,Farnan,kfarnanbv@google.it,Female,45.34.138.193
429,Alleyn,Thulborn,athulbornbw@digg.com,Male,12.38.2.177
430,Jeffie,Drinnan,jdrinnanbx@bloglines.com,Male,151.193.127.221
431,Karen,Butchart,kbutchartby@earthlink.net,Female,87.191.21.107
432,Augustine,Pagitt,apagittbz@usnews.com,Male,253.47.213.95
433,Damara,Shinefield,dshinefieldc0@parallels.com,Female,40.118.145.118
434,Crichton,Devlin,cdevlinc1@google.fr,Male,82.99.50.126
435,Junia,Yendle,jyendlec2@edublogs.org,Female,241.171.71.167
436,Garwood,Coney,gconeyc3@creativecommons.org,Male,226.92.4.90
437,Emilia,Eilhermann,eeilhermannc4@ca.gov,Female,143.163.191.139
438,Ganny,Giraudel,ggiraudelc5@bravesites.com,Male,207.112.197.102
439,Rudyard,Micklewright,rmicklewrightc6@github.com,Male,70.124.99.186
440,Hermione,Winsley,hwinsleyc7@squidoo.com,Female,240.34.218.70
441,Griff,Laker,glakerc8@odnoklassniki.ru,Male,173.109.228.179
442,Sayers,McLennan,smclennanc9@thetimes.co.uk,Male,224.74.201.36
443,Saloma,Tupling,stuplingca@nymag.com,Female,75.183.133.121
444,Jessalyn,Whyley,jwhyleycb@berkeley.edu,Female,233.125.135.118
445,Samara,Piesold,spiesoldcc@biblegateway.com,Female,240.184.108.61
446,Rodolph,Klamman,rklammancd@washington.edu,Male,15.250.225.159
447,Justus,Sargood,jsargoodce@vimeo.com,Male,59.120.64.58
448,Garret,Screeton,gscreetoncf@arstechnica.com,Male,103.246.16.190
449,Bogey,Richin,brichincg@tiny.cc,Male,144.70.68.189
450,Benjie,Ornils,bornilsch@prlog.org,Male,154.60.213.54
451,Reagan,Tarbert,rtarbertci@cdbaby.com,Male,131.224.50.1
452,Traver,Dubble,tdubblecj@constantcontact.com,Male,217.153.8.63
453,Grissel,Neagle,gneagleck@free.fr,Female,108.249.224.11
454,Gian,Fulford,gfulfordcl@reference.com,Male,122.195.170.189
455,Chaunce,Vella,cvellacm@shinystat.com,Male,98.103.144.28
456,Osmond,Hegarty,ohegartycn@ehow.com,Male,70.68.115.219
457,Ulrikaumeko,Parsand,uparsandco@t.co,Female,122.212.63.49
458,Carline,Cato,ccatocp@wix.com,Female,228.191.178.14
459,Clemence,Ceely,cceelycq@indiegogo.com,Female,25.222.106.104
460,Stacee,Sallter,ssalltercr@canalblog.com,Male,138.189.243.171
461,Arturo,McCloy,amccloycs@godaddy.com,Male,9.191.220.246
462,Dredi,Eblein,debleinct@squarespace.com,Female,170.64.9.201
463,Sibella,Cochrane,scochranecu@nbcnews.com,Female,70.73.103.226
464,Ronda,Evitts,revittscv@yale.edu,Female,54.255.94.65
465,Dory,Ivashechkin,divashechkincw@noaa.gov,Female,99.48.19.77
466,Dom,Gwioneth,dgwionethcx@bizjournals.com,Male,148.167.167.87
467,Tim,Van Leijs,tvanleijscy@bigcartel.com,Female,25.132.84.72
468,Ardyce,Urien,auriencz@cornell.edu,Female,56.51.136.113
469,Bruno,Greenslade,bgreensladed0@blogs.com,Male,222.88.221.57
470,Dasha,Muncey,dmunceyd1@businesswire.com,Female,7.36.65.173
471,Ozzie,Aguilar,oaguilard2@si.edu,Male,48.208.179.147
472,Claudio,Purcell,cpurcelld3@usgs.gov,Male,33.209.156.207
473,Joann,Farrans,jfarransd4@nydailynews.com,Female,92.241.148.194
474,Luigi,MacCostye,lmaccostyed5@gnu.org,Male,77.105.20.107
475,Neville,Gyves,ngyvesd6@google.com.hk,Male,27.234.77.125
476,Dare,Drejer,ddrejerd7@vistaprint.com,Male,201.68.165.3
477,Jacintha,Dutson,jdutsond8@rediff.com,Female,161.235.137.85
478,Rolfe,Jaeggi,rjaeggid9@twitter.com,Male,133.96.249.252
479,Levon,Clarson,lclarsonda@census.gov,Male,57.155.129.190
480,Sal,Bilton,sbiltondb@businessinsider.com,Female,194.196.132.83
481,Iorgo,Swaddle,iswaddledc@w3.org,Male,92.136.12.233
482,Tommi,Miettinen,tmiettinendd@naver.com,Female,96.143.113.245
483,Enoch,Yeell,eyeellde@technorati.com,Male,221.148.90.91
484,Rosa,Long,rlongdf@theatlantic.com,Female,0.233.7.5
485,Lonna,Presdee,lpresdeedg@va.gov,Female,89.151.65.130
486,Teodor,Tennick,ttennickdh@intel.com,Male,215.165.86.100
487,Orsa,Nosworthy,onosworthydi@acquirethisname.com,Female,163.44.54.83
488,Newton,Waugh,nwaughdj@slashdot.org,Male,179.230.12.164
489,Kenon,Scoyles,kscoylesdk@cargocollective.com,Male,82.104.244.241
490,Wylie,Quakley,wquakleydl@devhub.com,Male,45.153.148.121
491,Carmelina,Lambole,clamboledm@creativecommons.org,Female,75.27.19.110
492,Grenville,Gabbott,ggabbottdn@slashdot.org,Male,120.105.89.90
493,Alexina,Fairbrace,afairbracedo@a8.net,Female,173.27.229.18
494,Abba,Hindenberger,ahindenbergerdp@1688.com,Male,255.49.164.137
495,Clement,Yellowlees,cyellowleesdq@51.la,Male,142.70.14.43
496,Willem,Davidsohn,wdavidsohndr@vkontakte.ru,Male,52.193.142.24
497,Buddie,Pettigree,bpettigreeds@example.com,Male,34.209.75.231
498,Mile,Wallicker,mwallickerdt@wordpress.com,Male,145.74.10.87
499,Chan,Speek,cspeekdu@arstechnica.com,Male,229.122.118.177
500,Vidovik,Laven,vlavendv@cdbaby.com,Male,156.4.82.76
501,Buckie,Voller,bvollerdw@hp.com,Male,160.201.14.120
502,Yovonnda,Attkins,yattkinsdx@jalbum.net,Female,114.196.78.115
503,Sollie,MacLure,smacluredy@prweb.com,Male,202.137.123.195
504,Homere,Ruperto,hrupertodz@mozilla.com,Male,213.89.121.245
505,Dara,Klaggeman,dklaggemane0@yahoo.com,Female,242.226.149.6
506,Doy,Kilmartin,dkilmartine1@apache.org,Male,67.228.95.243
507,Roman,Hinder,rhindere2@wikispaces.com,Male,238.9.206.190
508,Fonz,Howells,fhowellse3@symantec.com,Male,21.229.200.66
509,Ulysses,Sherwen,usherwene4@mac.com,Male,61.140.26.99
510,Norah,Girkin,ngirkine5@wunderground.com,Female,39.19.151.246
511,Lanni,Adamiec,ladamiece6@paypal.com,Female,63.47.159.117
512,Shurwood,Hindenberger,shindenbergere7@instagram.com,Male,39.43.80.228
513,Jewel,Asipenko,jasipenkoe8@businesswire.com,Female,198.185.99.26
514,Brook,Petrolli,bpetrollie9@hud.gov,Male,177.152.7.255
515,Murvyn,Merrikin,mmerrikinea@netvibes.com,Male,191.253.235.18
516,Penelopa,Tumilty,ptumiltyeb@netvibes.com,Female,48.41.167.86
517,Tomasina,Gaylard,tgaylardec@squarespace.com,Female,127.84.46.226
518,Hiram,d' Elboux,hdelbouxed@sina.com.cn,Male,148.81.117.130
519,Sashenka,Matityahu,smatityahuee@stanford.edu,Female,1.253.19.204
520,Lazaro,Elham,lelhamef@slashdot.org,Male,217.119.62.248
521,Rene,Itscowicz,ritscowiczeg@bandcamp.com,Male,38.130.149.107
522,Tisha,Grocock,tgrocockeh@rediff.com,Female,15.215.80.225
523,Durward,Menico,dmenicoei@taobao.com,Male,174.4.114.64
524,Rafaellle,Bassill,rbassillej@angelfire.com,Male,107.230.204.159
525,Brit,Haydock,bhaydockek@edublogs.org,Male,196.253.117.27
526,Demetre,Fyall,dfyallel@printfriendly.com,Male,145.194.139.152
527,Uta,Ree,ureeem@geocities.jp,Female,47.149.21.205
528,Maynard,Andreuzzi,mandreuzzien@w3.org,Male,44.215.81.89
529,Waiter,Sawyers,wsawyerseo@photobucket.com,Male,230.219.76.1
530,Elana,Gunny,egunnyep@friendfeed.com,Female,121.118.245.19
531,Melva,Gonnel,mgonneleq@nymag.com,Female,168.41.53.224
532,Arie,Eglise,aegliseer@mtv.com,Male,206.146.45.31
533,Nikolas,Westfalen,nwestfalenes@360.cn,Male,151.238.197.204
534,Tamra,Renforth,trenforthet@cnbc.com,Female,252.107.249.190
535,Maryjo,Reolfi,mreolfieu@miibeian.gov.cn,Female,45.77.69.145
536,Kora,Turk,kturkev@utexas.edu,Female,207.108.108.193
537,Shurwood,Perrott,sperrottew@linkedin.com,Male,41.255.64.44
538,Swen,McCreadie,smccreadieex@mapy.cz,Male,121.95.193.53
539,Michel,Wagstaffe,mwagstaffeey@dmoz.org,Female,133.113.155.25
540,Blake,Ferroni,bferroniez@cornell.edu,Male,170.15.151.172
541,Nertie,Paunsford,npaunsfordf0@last.fm,Female,188.174.249.157
542,Benedicto,Torrecilla,btorrecillaf1@vinaora.com,Male,190.42.207.47
543,Lennie,Shepton,lsheptonf2@gmpg.org,Male,255.102.233.155
544,Hercules,Landrick,hlandrickf3@naver.com,Male,41.82.167.180
545,Omero,Balser,obalserf4@rambler.ru,Male,7.44.246.21
546,Harlan,Fawks,hfawksf5@com.com,Male,67.34.176.171
547,Catherine,Gelardi,cgelardif6@upenn.edu,Female,54.109.99.232
548,Barbette,Ferrarini,bferrarinif7@twitpic.com,Female,180.98.9.55
549,Griselda,Dunniom,gdunniomf8@infoseek.co.jp,Female,239.242.132.183
550,Corny,Massey,cmasseyf9@epa.gov,Male,27.178.63.226
551,Roosevelt,Conachy,rconachyfa@123-reg.co.uk,Male,132.102.249.77
552,Shurlock,Stuchbury,sstuchburyfb@etsy.com,Male,88.197.112.80
553,Claudina,Elwin,celwinfc@home.pl,Female,44.96.34.47
554,Damita,Audibert,daudibertfd@trellian.com,Female,128.131.104.36
555,Morganne,Ortmann,mortmannfe@topsy.com,Female,111.122.6.179
556,Ninette,Valencia,nvalenciaff@nyu.edu,Female,129.91.89.182
557,Domingo,Lejeune,dlejeunefg@desdev.cn,Male,65.92.234.91
558,Gottfried,Frigot,gfrigotfh@examiner.com,Male,187.43.7.211
559,Bayard,Sharnock,bsharnockfi@whitehouse.gov,Male,11.18.225.166
560,Brose,Crickett,bcrickettfj@icio.us,Male,48.34.165.249
561,Oberon,Wybrow,owybrowfk@independent.co.uk,Male,52.117.213.0
562,Willard,Mulmuray,wmulmurayfl@aboutads.info,Male,142.60.73.220
563,Orland,Stelfox,ostelfoxfm@geocities.com,Male,91.110.93.91
564,Izaak,Bratch,ibratchfn@youku.com,Male,65.141.86.251
565,Meggi,Pennigar,mpennigarfo@hexun.com,Female,99.140.147.102
566,Othella,Richten,orichtenfp@multiply.com,Female,80.109.69.114
567,Anthe,Clemes,aclemesfq@friendfeed.com,Female,182.59.18.25
568,Martguerita,Ketts,mkettsfr@list-manage.com,Female,101.34.170.122
569,Steffane,McQuilliam,smcquilliamfs@addthis.com,Female,29.48.131.80
570,Daisey,Newbold,dnewboldft@flavors.me,Female,41.0.247.107
571,Holmes,Davitt,hdavittfu@tripod.com,Male,172.245.131.244
572,Monah,Wiltshaw,mwiltshawfv@fastcompany.com,Female,116.96.49.238
573,Ilysa,Agg,iaggfw@ocn.ne.jp,Female,178.64.179.16
574,Missy,Bouldstridge,mbouldstridgefx@google.de,Female,179.20.123.148
575,Fernando,Brydone,fbrydonefy@msn.com,Male,220.112.41.67
576,Ferdinande,Carruth,fcarruthfz@economist.com,Female,143.36.228.80
577,Rouvin,Jurczyk,rjurczykg0@so-net.ne.jp,Male,225.47.244.46
578,Nathanael,Lamasna,nlamasnag1@webnode.com,Male,163.194.39.208
579,Glen,Cassell,gcassellg2@chronoengine.com,Male,72.91.15.164
580,Sutherland,Mannie,smannieg3@prlog.org,Male,139.209.136.213
581,Courtnay,Heugel,cheugelg4@themeforest.net,Male,52.160.19.12
582,Mortie,Olohan,molohang5@usgs.gov,Male,245.181.80.22
583,Jarib,Broek,jbroekg6@ibm.com,Male,117.253.2.251
584,Jilleen,McIlwrick,jmcilwrickg7@livejournal.com,Female,18.246.96.193
585,Yvette,Lambert-Ciorwyn,ylambertciorwyng8@goo.ne.jp,Female,6.14.20.66
586,Aldin,Habens,ahabensg9@wix.com,Male,239.211.115.106
587,Lynelle,Ohm,lohmga@clickbank.net,Female,200.34.63.199
588,Steffane,Littlepage,slittlepagegb@posterous.com,Female,162.225.200.242
589,Marthe,Pelling,mpellinggc@hatena.ne.jp,Female,144.35.119.34
590,Winna,Koopman,wkoopmangd@ucoz.ru,Female,13.106.27.115
591,Robby,Andrioni,randrionige@indiatimes.com,Female,61.9.63.187
592,Ian,Emms,iemmsgf@cisco.com,Male,195.107.207.2
593,Merrie,Haggarty,mhaggartygg@hexun.com,Female,72.182.120.58
594,Amos,Vint,avintgh@globo.com,Male,192.81.31.130
595,Tad,Tizzard,ttizzardgi@reference.com,Male,24.56.127.253
596,Nanice,Gurr,ngurrgj@bbc.co.uk,Female,90.71.49.54
597,Yancey,Swallwell,yswallwellgk@google.fr,Male,237.62.189.201
598,Mal,Dubble,mdubblegl@goo.gl,Male,172.239.235.193
599,Carrie,Savege,csavegegm@xinhuanet.com,Female,171.130.203.153
600,Robinett,Annandale,rannandalegn@unc.edu,Female,198.38.226.151
601,Reggis,Vannini,rvanninigo@163.com,Male,7.184.215.193
602,Andres,Bowness,abownessgp@alexa.com,Male,252.0.233.3
603,Marc,Gilardi,mgilardigq@china.com.cn,Male,81.149.111.49
604,Blanca,Emnoney,bemnoneygr@ibm.com,Female,58.243.62.159
605,Ethan,Haggar,ehaggargs@wordpress.com,Male,180.14.21.214
606,Lefty,Saiz,lsaizgt@wix.com,Male,174.75.94.85
607,Mata,Loughton,mloughtongu@tripadvisor.com,Male,51.125.94.41
608,Lissy,Olrenshaw,lolrenshawgv@va.gov,Female,72.131.11.162
609,Vitia,Mellodey,vmellodeygw@yelp.com,Female,104.240.8.43
610,Patin,Barter,pbartergx@fda.gov,Male,97.34.173.221
611,Morty,Acarson,macarsongy@noaa.gov,Male,234.181.162.65
612,Cecilia,Pegrum,cpegrumgz@i2i.jp,Female,158.4.220.149
613,Elka,Norway,enorwayh0@noaa.gov,Female,6.176.78.31
614,Reginald,Sycamore,rsycamoreh1@alibaba.com,Male,234.50.152.206
615,Paulie,Morkham,pmorkhamh2@smh.com.au,Male,159.7.138.134
616,Perkin,Garrals,pgarralsh3@bbb.org,Male,206.8.34.215
617,Solomon,Tremblet,strembleth4@posterous.com,Male,34.26.69.52
618,Cordula,Cometto,ccomettoh5@elegantthemes.com,Female,213.11.117.53
619,Norris,Theunissen,ntheunissenh6@bigcartel.com,Male,156.94.122.219
620,Yankee,Izaac,yizaach7@home.pl,Male,24.52.225.178
621,Bonnibelle,Vala,bvalah8@bloglovin.com,Female,192.223.7.13
622,Orelee,Scurrah,oscurrahh9@1und1.de,Female,73.249.86.109
623,Alan,Henrion,ahenrionha@cdbaby.com,Male,75.104.122.4
624,Fielding,Duxbury,fduxburyhb@columbia.edu,Male,244.0.236.152
625,Son,Arnaldo,sarnaldohc@themeforest.net,Male,106.20.34.46
626,Hewett,Hamberstone,hhamberstonehd@naver.com,Male,103.65.10.78
627,Dela,Tooley,dtooleyhe@businessweek.com,Female,40.143.129.120
628,Georas,Scadden,gscaddenhf@gizmodo.com,Male,182.250.233.216
629,Jason,Cicculini,jcicculinihg@delicious.com,Male,122.221.20.243
630,Grete,Ollander,gollanderhh@last.fm,Female,239.223.140.171
631,Sherm,Burchard,sburchardhi@mac.com,Male,119.111.131.103
632,Georgette,Gregoriou,ggregoriouhj@amazon.com,Female,171.244.163.249
633,Vanna,Scargill,vscargillhk@dailymotion.com,Female,75.173.131.118
634,Garrek,Cloughton,gcloughtonhl@oracle.com,Male,50.79.53.81
635,Charmine,Fanthom,cfanthomhm@istockphoto.com,Female,184.55.213.188
636,Jillian,Kinnett,jkinnetthn@slate.com,Female,18.191.106.244
637,Indira,Blastock,iblastockho@usa.gov,Female,196.175.133.62
638,Roxane,Utteridge,rutteridgehp@amazon.de,Female,138.34.71.56
639,Rudy,Bussons,rbussonshq@icio.us,Male,227.169.123.198
640,Donavon,Cauldwell,dcauldwellhr@discovery.com,Male,126.56.144.139
641,Drake,Dioniso,ddionisohs@phpbb.com,Male,16.43.132.61
642,Towny,Postill,tpostillht@ucla.edu,Male,68.49.155.98
643,Bibbye,Hardway,bhardwayhu@ifeng.com,Female,110.10.177.12
644,Rustie,Ivanyukov,rivanyukovhv@yandex.ru,Male,40.3.5.143
645,Stormie,Maddox,smaddoxhw@freewebs.com,Female,82.73.187.8
646,Dedie,Gillease,dgilleasehx@irs.gov,Female,130.67.233.27
647,Barton,A'field,bafieldhy@mail.ru,Male,128.179.41.158
648,Uri,Fluck,ufluckhz@ted.com,Male,207.135.68.245
649,Theobald,Rushforth,trushforthi0@webnode.com,Male,128.194.69.127
650,Mychal,Marshman,mmarshmani1@hostgator.com,Male,167.83.115.99
651,Chevy,Dri,cdrii2@dell.com,Male,19.198.72.250
652,Neddie,Lowensohn,nlowensohni3@eventbrite.com,Male,165.95.56.84
653,Jack,Folker,jfolkeri4@free.fr,Male,124.91.72.150
654,Syd,Hayto,shaytoi5@51.la,Male,33.161.169.182
655,Audrye,Troop,atroopi6@microsoft.com,Female,11.32.228.127
656,Dorisa,Shivlin,dshivlini7@jugem.jp,Female,244.119.154.0
657,Rodger,Skaife d'Ingerthorpe,rskaifedingerthorpei8@tuttocitta.it,Male,207.9.174.175
658,Herminia,Streatfield,hstreatfieldi9@com.com,Female,156.104.52.41
659,Sorcha,Bellefonte,sbellefonteia@tiny.cc,Female,252.8.238.53
660,Ninnetta,Cassels,ncasselsib@usa.gov,Female,234.231.51.34
661,Gilbertine,Rivlin,grivlinic@gizmodo.com,Female,184.170.42.195
662,Chrissy,Kite,ckiteid@blinklist.com,Female,109.186.159.133
663,Red,Straffon,rstraffonie@apache.org,Male,125.30.139.201
664,Rafe,Rogerot,rrogerotif@ovh.net,Male,182.100.0.168
665,Carr,Lyven,clyvenig@ow.ly,Male,30.181.169.56
666,Barnaby,Goalley,bgoalleyih@google.com,Male,81.201.94.77
667,Bertrand,Shubotham,bshubothamii@mediafire.com,Male,235.168.219.179
668,Elyn,Mac Geaney,emacgeaneyij@ezinearticles.com,Female,19.65.189.62
669,Sigismundo,MacElroy,smacelroyik@surveymonkey.com,Male,50.81.95.214
670,Charlene,Ubee,cubeeil@columbia.edu,Female,221.214.89.16
671,Kalli,Dollman,kdollmanim@oakley.com,Female,125.83.1.83
672,Tabb,Eldershaw,teldershawin@dyndns.org,Male,82.114.100.129
673,Kara-lynn,Ebden,kebdenio@squidoo.com,Female,246.168.87.40
674,Colin,Bowdrey,cbowdreyip@biblegateway.com,Male,6.249.59.219
675,Ludovika,Pesek,lpesekiq@netscape.com,Female,184.115.60.46
676,Isabel,Perri,iperriir@miitbeian.gov.cn,Female,102.24.111.165
677,Gerhardt,Bothen,gbothenis@wisc.edu,Male,45.85.90.51
678,Kendra,Riditch,kriditchit@dedecms.com,Female,120.106.170.78
679,Leeanne,Gouinlock,lgouinlockiu@google.com.br,Female,20.126.123.183
680,Scott,Wardington,swardingtoniv@w3.org,Male,186.15.38.204
681,Garrard,Canet,gcanetiw@mashable.com,Male,91.155.74.59
682,Lloyd,Tschirasche,ltschirascheix@dagondesign.com,Male,199.240.73.23
683,Maxim,Edgin,medginiy@wordpress.com,Male,74.138.159.194
684,Birdie,Hibling,bhiblingiz@lycos.com,Female,47.241.29.143
685,Aksel,Ealden,aealdenj0@shutterfly.com,Male,158.200.39.70
686,Rosaline,Northcott,rnorthcottj1@bandcamp.com,Female,112.197.32.118
687,Kevin,Wormald,kwormaldj2@dagondesign.com,Male,119.105.133.43
688,Selestina,Weetch,sweetchj3@opensource.org,Female,209.151.193.49
689,Mycah,Coda,mcodaj4@slideshare.net,Male,205.90.97.39
690,Jody,Schuelcke,jschuelckej5@soundcloud.com,Male,222.41.123.143
691,Flynn,Gulberg,fgulbergj6@oaic.gov.au,Male,124.82.45.95
692,Elenore,Heinicke,eheinickej7@google.ca,Female,57.248.76.188
693,Ailis,Cottell,acottellj8@parallels.com,Female,236.83.117.235
694,Jim,Smitherham,jsmitherhamj9@cafepress.com,Male,218.60.125.90
695,Johnath,Kairns,jkairnsja@jiathis.com,Female,207.102.162.205
696,Rossie,Tern,rternjb@gravatar.com,Male,85.48.72.151
697,Madalena,Archbold,marchboldjc@rambler.ru,Female,39.205.164.212
698,Kara-lynn,Koppke,kkoppkejd@jalbum.net,Female,121.25.205.188
699,Andrus,Heinlein,aheinleinje@feedburner.com,Male,44.143.146.132
700,Larisa,Garbett,lgarbettjf@example.com,Female,217.83.128.26
701,Yorke,Duthy,yduthyjg@hp.com,Male,202.99.158.7
702,Gawain,Licciardello,glicciardellojh@illinois.edu,Male,81.144.78.233
703,Alard,McGinney,amcginneyji@ebay.co.uk,Male,250.133.42.204
704,Kitti,O'Gormley,kogormleyjj@quantcast.com,Female,220.213.225.153
705,Theodor,Barkus,tbarkusjk@hao123.com,Male,142.36.57.19
706,Dena,Chomley,dchomleyjl@europa.eu,Female,177.214.187.125
707,Galvan,Skingley,gskingleyjm@istockphoto.com,Male,99.86.40.32
708,Aubrie,Aickin,aaickinjn@ox.ac.uk,Female,251.2.178.26
709,Birch,Georgel,bgeorgeljo@xing.com,Male,91.75.83.125
710,Melisent,Grigolon,mgrigolonjp@bloglovin.com,Female,14.161.251.83
711,Helen,Quinnette,hquinnettejq@bbb.org,Female,120.60.32.60
712,Wolfy,Stafford,wstaffordjr@amazonaws.com,Male,49.32.178.58
713,Nathaniel,Draisey,ndraiseyjs@jigsy.com,Male,205.150.222.46
714,Aksel,Westrip,awestripjt@hp.com,Male,164.240.231.22
715,Alain,Spall,aspallju@exblog.jp,Male,3.65.5.230
716,Terri-jo,Halfhyde,thalfhydejv@tamu.edu,Female,88.18.242.77
717,Karlee,Hagley,khagleyjw@whitehouse.gov,Female,101.72.255.249
718,Karee,Hounsome,khounsomejx@shareasale.com,Female,220.112.199.99
719,Gabriell,Hotson,ghotsonjy@xinhuanet.com,Female,162.251.37.91
720,Sonya,Trehearn,strehearnjz@wp.com,Female,214.121.246.64
721,Vivianne,Holdren,vholdrenk0@creativecommons.org,Female,58.4.102.69
722,Hamilton,Satterley,hsatterleyk1@behance.net,Male,126.59.142.167
723,Keri,Kupke,kkupkek2@ask.com,Female,250.189.32.54
724,Sarina,Woodyeare,swoodyearek3@domainmarket.com,Female,204.228.64.218
725,Spense,Roblin,sroblink4@seattletimes.com,Male,69.159.153.130
726,Bobette,Knutsen,bknutsenk5@intel.com,Female,201.97.7.100
727,Cornelius,Greetham,cgreethamk6@twitpic.com,Male,40.246.10.11
728,Lise,Hourihane,lhourihanek7@pagesperso-orange.fr,Female,187.139.210.78
729,Radcliffe,Denmead,rdenmeadk8@noaa.gov,Male,44.218.147.250
730,Kleon,Giacomini,kgiacominik9@phoca.cz,Male,90.248.180.116
731,Emelyne,Umpleby,eumplebyka@geocities.jp,Female,238.183.117.66
732,Jeffy,Lowry,jlowrykb@ftc.gov,Male,207.221.18.86
733,Vernor,Nend,vnendkc@telegraph.co.uk,Male,42.115.232.197
734,Casie,Redwing,credwingkd@alexa.com,Female,120.248.63.66
735,Stefania,Alcalde,salcaldeke@princeton.edu,Female,45.234.139.238
736,Jobi,Lanigan,jlanigankf@networkadvertising.org,Female,38.220.53.56
737,Ursa,Spyvye,uspyvyekg@hp.com,Female,53.7.6.181
738,Trstram,Kemmer,tkemmerkh@prlog.org,Male,229.42.12.195
739,Gerald,Tremmil,gtremmilki@over-blog.com,Male,221.176.22.125
740,Chuck,Chaulk,cchaulkkj@diigo.com,Male,252.77.49.39
741,Yale,Eric,yerickk@cnet.com,Male,41.238.81.6
742,Chris,Partner,cpartnerkl@shareasale.com,Male,9.28.65.206
743,Cary,Cometti,ccomettikm@simplemachines.org,Male,167.52.247.211
744,Raymond,Corpes,rcorpeskn@netvibes.com,Male,100.163.134.163
745,Abdul,Reynoldson,areynoldsonko@tamu.edu,Male,109.142.218.209
746,Dolf,Howatt,dhowattkp@51.la,Male,17.72.217.1
747,Jone,Waren,jwarenkq@baidu.com,Male,179.139.69.147
748,Ardyce,Polkinghorne,apolkinghornekr@slate.com,Female,95.92.246.182
749,Bunnie,Glanton,bglantonks@dmoz.org,Female,142.212.228.195
750,Loree,Ryman,lrymankt@goodreads.com,Female,9.125.112.249
751,Myriam,Rilston,mrilstonku@angelfire.com,Female,0.114.140.245
752,Jordana,Harryman,jharrymankv@woothemes.com,Female,153.42.79.153
753,Faina,Romaint,fromaintkw@ihg.com,Female,102.4.8.139
754,Vinson,Ridding,vriddingkx@discovery.com,Male,61.153.221.220
755,Archie,Clell,aclellky@wp.com,Male,19.12.114.166
756,Haskel,Standing,hstandingkz@dyndns.org,Male,16.116.91.77
757,Antonina,Roberts,arobertsl0@bluehost.com,Female,103.163.251.241
758,Reyna,Anker,rankerl1@vkontakte.ru,Female,144.166.90.35
759,Freddy,Lafrentz,flafrentzl2@mediafire.com,Male,131.130.66.68
760,Miner,Whellams,mwhellamsl3@abc.net.au,Male,86.168.187.170
761,Douglass,Lethby,dlethbyl4@parallels.com,Male,106.172.219.77
762,Penrod,Bertin,pbertinl5@accuweather.com,Male,230.248.146.103
763,Joannes,Itshak,jitshakl6@state.tx.us,Female,136.196.227.89
764,Sela,Kleynen,skleynenl7@usgs.gov,Female,67.72.41.253
765,Dana,Wentworth,dwentworthl8@xing.com,Male,107.200.226.216
766,Micaela,Wesson,mwessonl9@bandcamp.com,Female,17.187.73.64
767,Ugo,Sprionghall,usprionghallla@nydailynews.com,Male,153.195.219.117
768,Crista,Hadfield,chadfieldlb@businessinsider.com,Female,30.119.23.136
769,Erena,Klimecki,eklimeckilc@w3.org,Female,201.201.58.235
770,Bentley,Dubery,bduberyld@blinklist.com,Male,219.30.129.221
771,Meriel,Pedler,mpedlerle@google.cn,Female,94.222.101.8
772,Anni,Lahrs,alahrslf@51.la,Female,1.86.142.181
773,Brenden,Rosindill,brosindilllg@surveymonkey.com,Male,237.117.157.241
774,Enrica,Seckom,eseckomlh@shinystat.com,Female,47.76.43.223
775,Maggee,Totterdell,mtotterdellli@marketwatch.com,Female,55.220.217.244
776,Zebulon,Rushworth,zrushworthlj@mozilla.org,Male,182.186.27.129
777,Christel,Marmyon,cmarmyonlk@a8.net,Female,87.113.184.66
778,Amy,Tunny,atunnyll@discuz.net,Female,193.147.187.207
779,Mitch,Youde,myoudelm@go.com,Male,87.126.66.153
780,Sawyere,Thebeau,sthebeauln@youku.com,Male,32.251.170.105
781,Kellen,Del Checolo,kdelchecololo@gnu.org,Female,20.184.246.164
782,Kalle,Sperwell,ksperwelllp@tamu.edu,Male,13.171.4.35
783,Sean,Cordeau],scordeaulq@fc2.com,Female,61.88.33.130
784,Germana,Birks,gbirkslr@pbs.org,Female,240.82.25.146
785,Merna,Coomes,mcoomesls@woothemes.com,Female,133.64.78.128
786,Craggy,Sarjeant,csarjeantlt@unc.edu,Male,219.187.161.108
787,Nico,Ornillos,nornilloslu@unesco.org,Male,116.135.143.135
788,Corette,Haughton,chaughtonlv@europa.eu,Female,85.19.39.53
789,Danny,Smithin,dsmithinlw@bbb.org,Male,81.66.100.20
790,Krista,Blackler,kblacklerlx@so-net.ne.jp,Female,110.165.116.231
791,Janetta,Lauritzen,jlauritzenly@newyorker.com,Female,34.239.79.98
792,Nertie,Trighton,ntrightonlz@privacy.gov.au,Female,11.141.76.118
793,Marys,Scorrer,mscorrerm0@hostgator.com,Female,162.86.151.170
794,Symon,Ivanyukov,sivanyukovm1@smh.com.au,Male,95.21.174.29
795,Delbert,Dy,ddym2@google.com,Male,57.135.215.63
796,Janina,Bartlomiej,jbartlomiejm3@umn.edu,Female,52.0.244.249
797,Guillermo,Macconaghy,gmacconaghym4@furl.net,Male,84.133.238.95
798,Zebulen,Renals,zrenalsm5@ucsd.edu,Male,102.70.144.51
799,Dall,Lonie,dloniem6@blogspot.com,Male,17.103.176.130
800,Eadie,Pigott,epigottm7@apple.com,Female,153.54.188.57
801,Rodrique,Litchfield,rlitchfieldm8@goo.ne.jp,Male,125.0.16.245
802,Lela,Pietroni,lpietronim9@wix.com,Female,202.86.243.35
803,Franny,Steagall,fsteagallma@ftc.gov,Male,194.25.235.83
804,Giles,Jaggers,gjaggersmb@google.nl,Male,108.128.193.45
805,Brianna,Foulcher,bfoulchermc@scribd.com,Female,211.56.119.86
806,Gert,Burnie,gburniemd@mapy.cz,Female,220.12.75.15
807,Elfreda,Symcox,esymcoxme@auda.org.au,Female,114.240.119.21
808,Steffen,Ridley,sridleymf@thetimes.co.uk,Male,236.240.48.176
809,Daphne,Vasyagin,dvasyaginmg@drupal.org,Female,177.181.220.190
810,Daryle,Amery,damerymh@un.org,Male,145.29.104.170
811,Bunnie,Creech,bcreechmi@netvibes.com,Female,75.253.15.187
812,Olivier,Brumbie,obrumbiemj@digg.com,Male,160.209.101.159
813,Carl,Stagge,cstaggemk@miitbeian.gov.cn,Male,80.94.133.246
814,Bernard,Diben,bdibenml@amazon.de,Male,176.55.8.233
815,Oliviero,Lovstrom,olovstrommm@plala.or.jp,Male,30.42.195.164
816,Lowe,Blenkensop,lblenkensopmn@google.es,Male,202.104.248.208
817,Brigham,Le Strange,blestrangemo@trellian.com,Male,250.35.216.212
818,Wake,Crichten,wcrichtenmp@prweb.com,Male,39.107.223.46
819,Fan,Beauman,fbeaumanmq@google.com.au,Female,243.185.164.107
820,Hettie,Wingeatt,hwingeattmr@examiner.com,Female,168.93.71.20
821,Louie,Kolushev,lkolushevms@mayoclinic.com,Male,231.20.160.208
822,Bevon,Kunzelmann,bkunzelmannmt@sun.com,Male,125.129.245.235
823,Rina,Dickenson,rdickensonmu@bizjournals.com,Female,114.116.217.133
824,Melva,Dalliston,mdallistonmv@stumbleupon.com,Female,236.244.42.159
825,Tuckie,Moxley,tmoxleymw@nationalgeographic.com,Male,73.6.117.206
826,Coleman,Iley,cileymx@jigsy.com,Male,75.250.196.116
827,Barnie,Skentelbury,bskentelburymy@sciencedirect.com,Male,19.35.190.192
828,Peadar,Mort,pmortmz@yahoo.co.jp,Male,124.16.199.101
829,Weider,Bradley,wbradleyn0@wisc.edu,Male,235.140.164.22
830,Borden,McKinie,bmckinien1@meetup.com,Male,12.107.253.221
831,Maison,Maso,mmason2@china.com.cn,Male,182.62.37.12
832,Prudence,Musico,pmusicon3@bigcartel.com,Female,82.223.73.93
833,Jenna,Battabee,jbattabeen4@a8.net,Female,21.60.96.30
834,Brantley,Creenan,bcreenann5@europa.eu,Male,68.188.241.36
835,Lilli,Wynett,lwynettn6@mayoclinic.com,Female,235.96.111.247
836,Yorgo,Tames,ytamesn7@ihg.com,Male,95.82.144.229
837,Jordain,Korneluk,jkornelukn8@blog.com,Female,186.23.231.205
838,Corbie,Kinver,ckinvern9@ca.gov,Male,238.135.40.247
839,Marie-jeanne,Eastham,measthamna@salon.com,Female,222.103.143.209
840,Janie,MacGorrie,jmacgorrienb@icq.com,Female,210.204.64.25
841,Adams,Ramsbottom,aramsbottomnc@ovh.net,Male,55.242.254.207
842,Darbee,Stoyle,dstoylend@eventbrite.com,Male,35.236.184.150
843,Philbert,Traviss,ptravissne@sohu.com,Male,228.145.111.74
844,Adolph,Huntress,ahuntressnf@ucla.edu,Male,151.197.38.237
845,Lela,Eveque,levequeng@slideshare.net,Female,41.63.35.161
846,Robina,Spellessy,rspellessynh@npr.org,Female,141.187.82.211
847,Melany,Kleinhandler,mkleinhandlerni@dmoz.org,Female,168.198.141.103
848,Shannen,Moggan,smoggannj@123-reg.co.uk,Female,97.128.225.174
849,Horace,Lorman,hlormannk@techcrunch.com,Male,55.209.107.39
850,Randi,Beauchamp,rbeauchampnl@eventbrite.com,Female,98.162.228.216
851,Jacynth,Christie,jchristienm@wikimedia.org,Female,194.159.199.151
852,Inigo,Parsand,iparsandnn@instagram.com,Male,16.226.128.133
853,Fair,Crossingham,fcrossinghamno@cornell.edu,Male,151.34.119.29
854,Conny,McKeller,cmckellernp@discovery.com,Female,230.36.47.76
855,Avrit,Sutterfield,asutterfieldnq@pinterest.com,Female,250.192.109.80
856,Haleigh,England,henglandnr@paginegialle.it,Male,37.9.64.201
857,Karly,Janota,kjanotans@time.com,Female,109.162.166.39
858,Liv,Polon,lpolonnt@t-online.de,Female,64.181.53.86
859,Sela,Tonge,stongenu@livejournal.com,Female,31.148.170.173
860,Stanfield,Lygoe,slygoenv@reddit.com,Male,128.79.42.52
861,Zelig,Sargeaunt,zsargeauntnw@umich.edu,Male,185.56.25.103
862,Hope,Hayer,hhayernx@sfgate.com,Female,214.226.61.75
863,Lizabeth,Bedford,lbedfordny@sourceforge.net,Female,108.89.167.117
864,Anastasie,Whistlecraft,awhistlecraftnz@usatoday.com,Female,149.227.1.17
865,Edgard,Henworth,ehenwortho0@geocities.com,Male,93.139.77.97
866,Kiley,Learoyde,klearoydeo1@123-reg.co.uk,Male,115.208.230.129
867,Herminia,Dyment,hdymento2@businesswire.com,Female,58.160.217.23
868,Nert,Plumm,nplummo3@drupal.org,Female,110.59.91.250
869,Tamma,Emsden,temsdeno4@rambler.ru,Female,167.10.109.118
870,Goldina,Kilgannon,gkilgannono5@rakuten.co.jp,Female,67.240.93.242
871,Sammy,Siman,ssimano6@mayoclinic.com,Male,4.182.16.146
872,Red,Giovanitti,rgiovanittio7@squidoo.com,Male,4.3.124.214
873,Hortense,McKelvey,hmckelveyo8@geocities.jp,Female,7.123.43.197
874,Thayne,Vatcher,tvatchero9@flavors.me,Male,16.197.255.239
875,Lisha,De Miranda,ldemirandaoa@youku.com,Female,53.188.198.190
876,Bobette,Florey,bfloreyob@sciencedirect.com,Female,189.155.16.255
877,Chiquia,Saice,csaiceoc@amazon.co.uk,Female,108.246.27.207
878,Katherine,Damp,kdampod@gravatar.com,Female,78.208.251.255
879,Priscella,Greenrde,pgreenrdeoe@lycos.com,Female,165.251.83.89
880,Britney,Eisig,beisigof@feedburner.com,Female,192.5.183.71
881,Nat,Duker,ndukerog@yellowpages.com,Female,185.159.231.121
882,Olly,Troutbeck,otroutbeckoh@apple.com,Male,125.159.128.168
883,Cathryn,Burel,cbureloi@163.com,Female,128.147.174.101
884,Zita,Mc Pake,zmcpakeoj@google.co.jp,Female,11.39.72.149
885,Carlyn,Lunney,clunneyok@sciencedirect.com,Female,159.0.10.113
886,Elston,Dodds,edoddsol@loc.gov,Male,14.170.168.169
887,Augusta,Balhatchet,abalhatchetom@amazon.com,Female,163.153.197.213
888,Ilka,Antonias,iantoniason@vk.com,Female,235.234.133.6
889,Zulema,Le Gassick,zlegassickoo@about.me,Female,99.184.22.153
890,Myrwyn,Penwright,mpenwrightop@goodreads.com,Male,203.41.18.163
891,Alikee,Swiffen,aswiffenoq@walmart.com,Female,233.227.33.41
892,Fianna,Tyler,ftyleror@barnesandnoble.com,Female,228.43.132.196
893,Trstram,Saur,tsauros@mayoclinic.com,Male,208.41.126.14
894,Gavan,Quakley,gquakleyot@liveinternet.ru,Male,39.235.85.253
895,Karee,Goutcher,kgoutcherou@army.mil,Female,76.202.68.13
896,Kliment,De Anesy,kdeanesyov@freewebs.com,Male,208.22.162.15
897,Sissie,Stapels,sstapelsow@360.cn,Female,156.93.253.147
898,Geoffrey,Feldstein,gfeldsteinox@who.int,Male,22.159.222.154
899,Quent,Fleeman,qfleemanoy@japanpost.jp,Male,123.235.129.196
900,Dale,Baudinet,dbaudinetoz@foxnews.com,Female,51.214.196.21
901,Maye,Stainton - Skinn,mstaintonskinnp0@vinaora.com,Female,110.104.10.245
902,Godfree,Ghidoni,gghidonip1@last.fm,Male,221.204.120.146
903,Goldi,Wolland,gwollandp2@skype.com,Female,60.87.179.162
904,Perren,Gerrens,pgerrensp3@paginegialle.it,Male,107.113.45.147
905,Kaycee,Chivers,kchiversp4@narod.ru,Female,229.140.97.210
906,Barton,Copeland,bcopelandp5@tinyurl.com,Male,69.194.186.37
907,Maryrose,Albrighton,malbrightonp6@oaic.gov.au,Female,241.142.225.163
908,Rori,Dunbobin,rdunbobinp7@freewebs.com,Female,173.46.152.31
909,Northrop,Plume,nplumep8@ovh.net,Male,36.253.55.38
910,Lenette,Simper,lsimperp9@disqus.com,Female,250.39.146.9
911,Creight,Marris,cmarrispa@google.ru,Male,198.103.235.10
912,Mayne,McGrann,mmcgrannpb@merriam-webster.com,Male,172.171.193.16
913,Dru,Addams,daddamspc@vistaprint.com,Female,78.233.111.125
914,Teodor,Verden,tverdenpd@hhs.gov,Male,7.84.230.177
915,Nancy,Malone,nmalonepe@fc2.com,Female,211.35.127.209
916,Flora,Borless,fborlesspf@cloudflare.com,Female,68.164.77.126
917,Joelle,Plitz,jplitzpg@hatena.ne.jp,Female,149.62.226.46
918,Kingston,Crack,kcrackph@amazon.com,Male,233.48.167.128
919,Edan,Stobo,estobopi@prweb.com,Male,249.60.97.232
920,Jayme,Hewins,jhewinspj@boston.com,Female,244.161.210.151
921,Neala,Gres,ngrespk@jiathis.com,Female,218.140.211.98
922,Corinna,Pauel,cpauelpl@cnet.com,Female,17.5.70.237
923,Chick,Strowger,cstrowgerpm@msu.edu,Male,176.222.223.18
924,Brad,Iaduccelli,biaduccellipn@acquirethisname.com,Male,90.106.247.251
925,Flin,Bettaney,fbettaneypo@nymag.com,Male,37.139.165.16
926,Ulysses,Jeens,ujeenspp@ning.com,Male,121.50.185.145
927,Evangeline,Riseam,eriseampq@mediafire.com,Female,102.220.21.248
928,Augustina,Bilbrey,abilbreypr@ftc.gov,Female,228.23.229.163
929,Everard,Greening,egreeningps@elpais.com,Male,87.139.37.101
930,Moses,Willans,mwillanspt@weather.com,Male,6.127.176.247
931,Barton,Brackpool,bbrackpoolpu@seattletimes.com,Male,164.86.160.141
932,Ranna,Isaaksohn,risaaksohnpv@networksolutions.com,Female,113.162.15.174
933,Bastien,Lally,blallypw@live.com,Male,7.206.184.223
934,Falkner,Ions,fionspx@ifeng.com,Male,204.174.67.158
935,Leroy,Milsom,lmilsompy@mit.edu,Male,4.193.9.71
936,Flory,Juza,fjuzapz@bbc.co.uk,Male,95.148.199.169
937,George,Leckey,gleckeyq0@elpais.com,Female,23.94.121.88
938,Drugi,Lievesley,dlievesleyq1@comcast.net,Male,140.180.217.79
939,Wolfie,MacCafferky,wmaccafferkyq2@360.cn,Male,171.230.185.255
940,Giuseppe,McCrudden,gmccruddenq3@com.com,Male,235.23.86.113
941,Manuel,Spriddle,mspriddleq4@fotki.com,Male,186.231.14.255
942,Wenda,Haselwood,whaselwoodq5@amazon.de,Female,226.193.94.25
943,Che,Huniwall,chuniwallq6@businessweek.com,Male,236.141.120.251
944,Doyle,Longson,dlongsonq7@dion.ne.jp,Male,154.179.92.243
945,Ernestus,Prydie,eprydieq8@opensource.org,Male,74.40.119.230
946,Cinda,Castiello,ccastielloq9@mayoclinic.com,Female,0.24.206.94
947,Elnora,Grandham,egrandhamqa@booking.com,Female,246.35.194.237
948,Herold,Moughton,hmoughtonqb@dagondesign.com,Male,228.94.82.12
949,Mandy,Calafato,mcalafatoqc@people.com.cn,Female,21.224.46.56
950,Roberta,Martelet,rmarteletqd@bing.com,Female,70.214.172.141
951,Talia,Millsom,tmillsomqe@addtoany.com,Female,147.116.147.40
952,Anatola,Sertin,asertinqf@businesswire.com,Female,24.12.170.178
953,Art,Sweetsur,asweetsurqg@examiner.com,Male,161.185.233.3
954,Dave,Derby,dderbyqh@furl.net,Male,199.0.159.225
955,Pryce,Collopy,pcollopyqi@telegraph.co.uk,Male,189.172.224.160
956,Benedick,Steart,bsteartqj@cam.ac.uk,Male,237.31.120.53
957,Florinda,Sexstone,fsexstoneqk@last.fm,Female,63.179.159.71
958,Rolfe,Willmer,rwillmerql@umich.edu,Male,14.63.46.200
959,Englebert,Joder,ejoderqm@buzzfeed.com,Male,168.209.114.250
960,Christine,Jedrzejewsky,cjedrzejewskyqn@go.com,Female,6.99.123.159
961,Feodor,Mary,fmaryqo@cafepress.com,Male,179.116.100.231
962,Cristian,Trevains,ctrevainsqp@blinklist.com,Male,247.111.6.151
963,Yolanthe,Ravilus,yravilusqq@ifeng.com,Female,94.240.74.134
964,Ignatius,D'eath,ideathqr@china.com.cn,Male,164.218.150.146
965,Davie,Dungey,ddungeyqs@creativecommons.org,Male,184.161.88.90
966,Charlotta,Dresche,cdrescheqt@soundcloud.com,Female,103.211.108.117
967,Tyson,Faust,tfaustqu@hexun.com,Male,66.32.21.87
968,Morton,Bousfield,mbousfieldqv@reuters.com,Male,72.210.21.130
969,Dee dee,Lindenfeld,dlindenfeldqw@naver.com,Female,220.108.92.229
970,Anet,Tweedie,atweedieqx@japanpost.jp,Female,253.166.113.189
971,Sayre,MacGhee,smacgheeqy@phpbb.com,Male,70.103.73.81
972,Cammi,Clash,cclashqz@sciencedirect.com,Female,168.223.46.153
973,Ellsworth,Francais,efrancaisr0@nbcnews.com,Male,131.27.177.227
974,Nertie,Brendel,nbrendelr1@phpbb.com,Female,105.85.82.170
975,Jacquette,Giovanni,jgiovannir2@oaic.gov.au,Female,12.224.159.128
976,Chelsea,Extall,cextallr3@multiply.com,Female,11.83.241.96
977,Fergus,Kirkland,fkirklandr4@elegantthemes.com,Male,92.243.163.38
978,Kylila,Absolom,kabsolomr5@gnu.org,Female,165.52.31.31
979,Deonne,Newson,dnewsonr6@tmall.com,Female,67.87.15.214
980,Hedda,Hurdwell,hhurdwellr7@tumblr.com,Female,55.152.41.215
981,Richy,Filppetti,rfilppettir8@is.gd,Male,74.57.222.56
982,Barth,Elsay,belsayr9@disqus.com,Male,170.82.190.229
983,Gilbertine,Omar,gomarra@oaic.gov.au,Female,211.10.46.11
984,Deborah,Kirkpatrick,dkirkpatrickrb@prweb.com,Female,119.37.124.74
985,Lance,Dakhov,ldakhovrc@amazonaws.com,Male,83.231.29.85
986,Elsie,Pirozzi,epirozzird@parallels.com,Female,91.217.65.20
987,Daryl,Dickons,ddickonsre@bloglines.com,Female,150.243.196.252
988,Jehu,Toner,jtonerrf@cnbc.com,Male,228.123.146.197
989,Ginger,Conville,gconvillerg@angelfire.com,Male,29.33.30.217
990,Rikki,Letterese,rlettereserh@elegantthemes.com,Male,205.248.204.100
991,Zacharie,Bristowe,zbristoweri@nbcnews.com,Male,35.218.158.82
992,Darren,Conaboy,dconaboyrj@stanford.edu,Male,198.241.189.189
993,Yvor,MacElholm,ymacelholmrk@360.cn,Male,191.27.112.235
994,Con,Verduin,cverduinrl@irs.gov,Male,137.100.182.17
995,Dorey,Jellett,djellettrm@mapquest.com,Female,47.76.8.153
996,Kaylil,Laboune,klabounern@angelfire.com,Female,31.40.79.158
997,Lawry,Semmens,lsemmensro@sogou.com,Male,110.44.236.242
998,Basilius,Mynott,bmynottrp@mysql.com,Male,58.246.242.64
999,Judie,Figger,jfiggerrq@usgs.gov,Female,39.138.16.203
1000,Prinz,Beverley,pbeverleyrr@wisc.edu,Male,214.143.55.61
